URL,Content
https://www.zyte.com,Full-Stack Web Scraping API & Data Extraction Services  | ZytePINGDOM_CHECKNew! Zyte Data is now AI-powered: Unlock Web Data Instantly with Zero Setup CostsRead moreLoginðŸ‘‹ Contact SalesWeb DataZyte Data Web data delivered quickly and accuratelyProduct & E-commerce From e-commerce & online marketplacesNews & Article From online publishers & news websitesData for AI Collect and structure web data to feed AISearch Search engine results page data (SERP)Job Posting From job boards and recruitment web
https://www.zyte.com/blog/how-zyte-transformed-its-data-delivery-business-with-ai/,"No wait, no upfront costs: How Zyte transformed its data delivery business with AIPINGDOM_CHECKNew! Zyte Data is now AI-powered: Unlock Web Data Instantly with Zero Setup CostsRead moreLoginðŸ‘‹ Contact SalesWeb DataZyte Data Web data delivered quickly and accuratelyProduct & E-commerce From e-commerce & online marketplacesNews & Article From online publishers & news websitesData for AI Collect and structure web data to feed AISearch Search engine results page data (SERP)Job Posting From job boards"
https://docs.zyte.com,"







Discover What is Zyte: Empowering Data Extraction and More























Login








zyte.com
Support
System status
Try free







Contents





Menu







Expand





Light mode













Dark mode






Auto light/dark mode














Hide navigation sidebar


Hide table of contents sidebar



Join our Discord community: Connect with the best scraping developers, receive coding support, and access exclusive events! 
  





Toggle site navigation sidebar




Zyte  do"
https://discord.com/invite/extract-data-community-993441606642446397,"

 















































































Extract Data Community 


"
https://www.zyte.com/zyte-api/,Zyte API - Leading Web Scraping APIPINGDOM_CHECKNew! Zyte Data is now AI-powered: Unlock Web Data Instantly with Zero Setup CostsRead moreLoginðŸ‘‹ Contact SalesWeb DataZyte Data Web data delivered quickly and accuratelyProduct & E-commerce From e-commerce & online marketplacesNews & Article From online publishers & news websitesData for AI Collect and structure web data to feed AISearch Search engine results page data (SERP)Job Posting From job boards and recruitment websitesSocial Media From soci
https://www.zyte.com/data-extraction/#form,World's Leading Data Extraction Services | ZytePINGDOM_CHECKNew! Zyte Data is now AI-powered: Unlock Web Data Instantly with Zero Setup CostsRead moreLoginðŸ‘‹ Contact SalesWeb DataZyte Data Web data delivered quickly and accuratelyProduct & E-commerce From e-commerce & online marketplacesNews & Article From online publishers & news websitesData for AI Collect and structure web data to feed AISearch Search engine results page data (SERP)Job Posting From job boards and recruitment websitesSocial Med
https://www.extractsummit.io/2024-on-demand,"Extract Summit 2024 - On DemandPINGDOM_CHECKlogoExtract iconPowered bylogoZyte iconlogoExtract iconPast TalksLocal Chapter BrazilWatch 2024 talks on demanddiscord iconJOIN OUR COMMUNITYmenu iconPast TalksLocal Chapter BrazilWatch 2024 talks on demanddiscord iconJOIN OUR COMMUNITYExtract Summit 2024 On Demand Whether youâ€™re revisiting a favorite session or tuning in for the first time, get complete on-demand access to Extract Summit 2024. Discover the latest in web scraping and data strategy, whe"
https://docs.zyte.com/,"







Discover What is Zyte: Empowering Data Extraction and More























Login








zyte.com
Support
System status
Try free







Contents





Menu







Expand





Light mode













Dark mode






Auto light/dark mode














Hide navigation sidebar


Hide table of contents sidebar



Join our Discord community: Connect with the best scraping developers, receive coding support, and access exclusive events! 
  





Toggle site navigation sidebar




Zyte  do"
https://info.zyte.com/data-maturity-model-self-assessment,"

The Zyte Web Scraping Maturity Model Self-Assessment
























































Skip to content










































































Web Scraping Maturity Model
How does your teamâ€™s web data maturity measure up against industry standards?
Uncover the full potential of your web data extraction operation. Take the self-assessment below and receive results in your inbox.





























































"
https://www.youtube.com/@zytedata,Zyte - YouTubeAboutPressCopyrightContact usCreatorAdvertiseDevelopersTermsPrivacyPolicy & SafetyHow YouTube worksTest new featuresÂ© 2024 Google LLC
https://discord.com/invite/DwTnbrm83s,"

 















































































Extract Data Community 


"
